date,hostname,erratum_id,erratum_type,status,last_reboot_time
2023-11-06 14:10:01 +0800,ssuatlrhelsat02.rhbbank.com.sg,RHSA-2023:5998,security,success,2023-10-31 18:16:15 +0800
2023-11-06 15:13:24 +0800,spsrapprtcas.rhbgroup.com.sg,RHSA-2023:6187,security,error,""
2023-11-16 18:45:48 +0800,spurdwhora01z.rhbbank.com.sg,RHBA-2023:6293,bugfix,error,2023-12-07 19:09:43 +0800
2023-11-16 18:45:48 +0800,spurdwhora01z.rhbbank.com.sg,RHBA-2023:6792,bugfix,error,2023-12-07 19:09:43 +0800
2023-11-16 18:45:48 +0800,spurdwhora01z.rhbbank.com.sg,RHBA-2023:6797,bugfix,error,2023-12-07 19:09:43 +0800
2023-11-16 18:45:48 +0800,spurdwhora01z.rhbbank.com.sg,RHBA-2023:6891,bugfix,error,2023-12-07 19:09:43 +0800
2023-11-16 18:45:48 +0800,spurdwhora01z.rhbbank.com.sg,RHBA-2023:6912,bugfix,error,2023-12-07 19:09:43 +0800
2023-11-16 18:45:48 +0800,spurdwhora01z.rhbbank.com.sg,RHBA-2023:6913,bugfix,error,2023-12-07 19:09:43 +0800
2023-11-16 18:45:48 +0800,spurdwhora01z.rhbbank.com.sg,RHBA-2023:6920,bugfix,error,2023-12-07 19:09:43 +0800
2023-11-16 18:45:48 +0800,spurdwhora01z.rhbbank.com.sg,RHBA-2023:6923,bugfix,error,2023-12-07 19:09:43 +0800
2023-11-16 18:45:48 +0800,spurdwhora01z.rhbbank.com.sg,RHBA-2023:6924,bugfix,error,2023-12-07 19:09:43 +0800
2023-11-16 18:45:48 +0800,spurdwhora01z.rhbbank.com.sg,RHBA-2023:6929,bugfix,error,2023-12-07 19:09:43 +0800
2023-11-16 18:45:48 +0800,spurdwhora01z.rhbbank.com.sg,RHBA-2023:6930,bugfix,error,2023-12-07 19:09:43 +0800
2023-11-16 18:45:48 +0800,spurdwhora01z.rhbbank.com.sg,RHBA-2023:6932,bugfix,error,2023-12-07 19:09:43 +0800
2023-11-16 18:45:48 +0800,spurdwhora01z.rhbbank.com.sg,RHBA-2023:6936,bugfix,error,2023-12-07 19:09:43 +0800
2023-11-16 18:45:48 +0800,spurdwhora01z.rhbbank.com.sg,RHBA-2023:6937,bugfix,error,2023-12-07 19:09:43 +0800
2023-11-16 18:45:48 +0800,spurdwhora01z.rhbbank.com.sg,RHBA-2023:6942,bugfix,error,2023-12-07 19:09:43 +0800
2023-11-16 18:45:48 +0800,spurdwhora01z.rhbbank.com.sg,RHBA-2023:6945,bugfix,error,2023-12-07 19:09:43 +0800
2023-11-16 18:45:48 +0800,spurdwhora01z.rhbbank.com.sg,RHBA-2023:6948,bugfix,error,2023-12-07 19:09:43 +0800
2023-11-16 18:45:48 +0800,spurdwhora01z.rhbbank.com.sg,RHBA-2023:6955,bugfix,error,2023-12-07 19:09:43 +0800
2023-11-16 18:45:48 +0800,spurdwhora01z.rhbbank.com.sg,RHBA-2023:6957,bugfix,error,2023-12-07 19:09:43 +0800
2023-11-16 18:45:48 +0800,spurdwhora01z.rhbbank.com.sg,RHBA-2023:6959,bugfix,error,2023-12-07 19:09:43 +0800
2023-11-16 18:45:48 +0800,spurdwhora01z.rhbbank.com.sg,RHBA-2023:6963,bugfix,error,2023-12-07 19:09:43 +0800
2023-11-16 18:45:48 +0800,spurdwhora01z.rhbbank.com.sg,RHBA-2023:6964,bugfix,error,2023-12-07 19:09:43 +0800
2023-11-16 18:45:48 +0800,spurdwhora01z.rhbbank.com.sg,RHBA-2023:6971,bugfix,error,2023-12-07 19:09:43 +0800
2023-11-16 18:45:48 +0800,spurdwhora01z.rhbbank.com.sg,RHBA-2023:6984,bugfix,error,2023-12-07 19:09:43 +0800
2023-11-16 18:45:48 +0800,spurdwhora01z.rhbbank.com.sg,RHBA-2023:6987,bugfix,error,2023-12-07 19:09:43 +0800
2023-11-16 18:45:48 +0800,spurdwhora01z.rhbbank.com.sg,RHBA-2023:6992,bugfix,error,2023-12-07 19:09:43 +0800
2023-11-16 18:45:48 +0800,spurdwhora01z.rhbbank.com.sg,RHBA-2023:6997,bugfix,error,2023-12-07 19:09:43 +0800
2023-11-16 18:45:48 +0800,spurdwhora01z.rhbbank.com.sg,RHBA-2023:7000,bugfix,error,2023-12-07 19:09:43 +0800
2023-11-16 18:45:48 +0800,spurdwhora01z.rhbbank.com.sg,RHBA-2023:7004,bugfix,error,2023-12-07 19:09:43 +0800
2023-11-16 18:45:48 +0800,spurdwhora01z.rhbbank.com.sg,RHBA-2023:7006,bugfix,error,2023-12-07 19:09:43 +0800
2023-11-16 18:45:48 +0800,spurdwhora01z.rhbbank.com.sg,RHBA-2023:7017,bugfix,error,2023-12-07 19:09:43 +0800
2023-11-16 18:45:48 +0800,spurdwhora01z.rhbbank.com.sg,RHBA-2023:7023,bugfix,error,2023-12-07 19:09:43 +0800
2023-11-16 18:45:48 +0800,spurdwhora01z.rhbbank.com.sg,RHBA-2023:7032,bugfix,error,2023-12-07 19:09:43 +0800
2023-11-16 18:45:48 +0800,spurdwhora01z.rhbbank.com.sg,RHBA-2023:7041,bugfix,error,2023-12-07 19:09:43 +0800
2023-11-16 18:45:48 +0800,spurdwhora01z.rhbbank.com.sg,RHBA-2023:7049,bugfix,error,2023-12-07 19:09:43 +0800
2023-11-16 18:45:48 +0800,spurdwhora01z.rhbbank.com.sg,RHBA-2023:7059,bugfix,error,2023-12-07 19:09:43 +0800
2023-11-16 18:45:48 +0800,spurdwhora01z.rhbbank.com.sg,RHBA-2023:7061,bugfix,error,2023-12-07 19:09:43 +0800
2023-11-16 18:45:48 +0800,spurdwhora01z.rhbbank.com.sg,RHBA-2023:7063,bugfix,error,2023-12-07 19:09:43 +0800
2023-11-16 18:45:48 +0800,spurdwhora01z.rhbbank.com.sg,RHBA-2023:7073,bugfix,error,2023-12-07 19:09:43 +0800
2023-11-16 18:45:48 +0800,spurdwhora01z.rhbbank.com.sg,RHBA-2023:7074,bugfix,error,2023-12-07 19:09:43 +0800
2023-11-16 18:45:48 +0800,spurdwhora01z.rhbbank.com.sg,RHBA-2023:7076,bugfix,error,2023-12-07 19:09:43 +0800
2023-11-16 18:45:48 +0800,spurdwhora01z.rhbbank.com.sg,RHBA-2023:7078,bugfix,error,2023-12-07 19:09:43 +0800
2023-11-16 18:45:48 +0800,spurdwhora01z.rhbbank.com.sg,RHBA-2023:7080,bugfix,error,2023-12-07 19:09:43 +0800
2023-11-16 18:45:48 +0800,spurdwhora01z.rhbbank.com.sg,RHBA-2023:7081,bugfix,error,2023-12-07 19:09:43 +0800
2023-11-16 18:45:48 +0800,spurdwhora01z.rhbbank.com.sg,RHBA-2023:7082,bugfix,error,2023-12-07 19:09:43 +0800
2023-11-16 18:45:48 +0800,spurdwhora01z.rhbbank.com.sg,RHBA-2023:7087,bugfix,error,2023-12-07 19:09:43 +0800
2023-11-16 18:45:48 +0800,spurdwhora01z.rhbbank.com.sg,RHBA-2023:7089,bugfix,error,2023-12-07 19:09:43 +0800
2023-11-16 18:45:48 +0800,spurdwhora01z.rhbbank.com.sg,RHBA-2023:7091,bugfix,error,2023-12-07 19:09:43 +0800
2023-11-16 18:45:48 +0800,spurdwhora01z.rhbbank.com.sg,RHBA-2023:7092,bugfix,error,2023-12-07 19:09:43 +0800
2023-11-16 18:45:48 +0800,spurdwhora01z.rhbbank.com.sg,RHBA-2023:7093,bugfix,error,2023-12-07 19:09:43 +0800
2023-11-16 18:45:48 +0800,spurdwhora01z.rhbbank.com.sg,RHBA-2023:7095,bugfix,error,2023-12-07 19:09:43 +0800
2023-11-16 18:45:48 +0800,spurdwhora01z.rhbbank.com.sg,RHBA-2023:7097,bugfix,error,2023-12-07 19:09:43 +0800
2023-11-16 18:45:48 +0800,spurdwhora01z.rhbbank.com.sg,RHBA-2023:7103,bugfix,error,2023-12-07 19:09:43 +0800
2023-11-16 18:45:48 +0800,spurdwhora01z.rhbbank.com.sg,RHBA-2023:7104,bugfix,error,2023-12-07 19:09:43 +0800
2023-11-16 18:45:48 +0800,spurdwhora01z.rhbbank.com.sg,RHBA-2023:7106,bugfix,error,2023-12-07 19:09:43 +0800
2023-11-16 18:45:48 +0800,spurdwhora01z.rhbbank.com.sg,RHBA-2023:7107,bugfix,error,2023-12-07 19:09:43 +0800
2023-11-16 18:45:48 +0800,spurdwhora01z.rhbbank.com.sg,RHBA-2023:7108,bugfix,error,2023-12-07 19:09:43 +0800
2023-11-16 18:45:48 +0800,spurdwhora01z.rhbbank.com.sg,RHBA-2023:7111,bugfix,error,2023-12-07 19:09:43 +0800
2023-11-16 18:45:48 +0800,spurdwhora01z.rhbbank.com.sg,RHBA-2023:7113,bugfix,error,2023-12-07 19:09:43 +0800
2023-11-16 18:45:48 +0800,spurdwhora01z.rhbbank.com.sg,RHBA-2023:7115,bugfix,error,2023-12-07 19:09:43 +0800
2023-11-16 18:45:48 +0800,spurdwhora01z.rhbbank.com.sg,RHBA-2023:7118,bugfix,error,2023-12-07 19:09:43 +0800
2023-11-16 18:45:48 +0800,spurdwhora01z.rhbbank.com.sg,RHBA-2023:7119,bugfix,error,2023-12-07 19:09:43 +0800
2023-11-16 18:45:48 +0800,spurdwhora01z.rhbbank.com.sg,RHBA-2023:7120,bugfix,error,2023-12-07 19:09:43 +0800
2023-11-16 18:45:48 +0800,spurdwhora01z.rhbbank.com.sg,RHBA-2023:7121,bugfix,error,2023-12-07 19:09:43 +0800
2023-11-16 18:45:48 +0800,spurdwhora01z.rhbbank.com.sg,RHBA-2023:7122,bugfix,error,2023-12-07 19:09:43 +0800
2023-11-16 18:45:48 +0800,spurdwhora01z.rhbbank.com.sg,RHBA-2023:7123,bugfix,error,2023-12-07 19:09:43 +0800
2023-11-16 18:45:48 +0800,spurdwhora01z.rhbbank.com.sg,RHBA-2023:7124,bugfix,error,2023-12-07 19:09:43 +0800
2023-11-16 18:45:48 +0800,spurdwhora01z.rhbbank.com.sg,RHBA-2023:7125,bugfix,error,2023-12-07 19:09:43 +0800
2023-11-16 18:45:48 +0800,spurdwhora01z.rhbbank.com.sg,RHBA-2023:7126,bugfix,error,2023-12-07 19:09:43 +0800
2023-11-16 18:45:48 +0800,spurdwhora01z.rhbbank.com.sg,RHBA-2023:7127,bugfix,error,2023-12-07 19:09:43 +0800
2023-11-16 18:45:48 +0800,spurdwhora01z.rhbbank.com.sg,RHBA-2023:7128,bugfix,error,2023-12-07 19:09:43 +0800
2023-11-16 18:45:48 +0800,spurdwhora01z.rhbbank.com.sg,RHBA-2023:7129,bugfix,error,2023-12-07 19:09:43 +0800
2023-11-16 18:45:48 +0800,spurdwhora01z.rhbbank.com.sg,RHBA-2023:7131,bugfix,error,2023-12-07 19:09:43 +0800
2023-11-16 18:45:48 +0800,spurdwhora01z.rhbbank.com.sg,RHBA-2023:7134,bugfix,error,2023-12-07 19:09:43 +0800
2023-11-16 18:45:48 +0800,spurdwhora01z.rhbbank.com.sg,RHBA-2023:7135,bugfix,error,2023-12-07 19:09:43 +0800
2023-11-16 18:45:48 +0800,spurdwhora01z.rhbbank.com.sg,RHBA-2023:7136,bugfix,error,2023-12-07 19:09:43 +0800
2023-11-16 18:45:48 +0800,spurdwhora01z.rhbbank.com.sg,RHBA-2023:7137,bugfix,error,2023-12-07 19:09:43 +0800
2023-11-16 18:45:48 +0800,spurdwhora01z.rhbbank.com.sg,RHBA-2023:7138,bugfix,error,2023-12-07 19:09:43 +0800
2023-11-16 18:45:48 +0800,spurdwhora01z.rhbbank.com.sg,RHBA-2023:7141,bugfix,error,2023-12-07 19:09:43 +0800
2023-11-16 18:45:48 +0800,spurdwhora01z.rhbbank.com.sg,RHBA-2023:7144,bugfix,error,2023-12-07 19:09:43 +0800
2023-11-16 18:45:48 +0800,spurdwhora01z.rhbbank.com.sg,RHBA-2023:7145,bugfix,error,2023-12-07 19:09:43 +0800
2023-11-16 18:45:48 +0800,spurdwhora01z.rhbbank.com.sg,RHBA-2023:7146,bugfix,error,2023-12-07 19:09:43 +0800
2023-11-16 18:45:48 +0800,spurdwhora01z.rhbbank.com.sg,RHBA-2023:7147,bugfix,error,2023-12-07 19:09:43 +0800
2023-11-16 18:45:48 +0800,spurdwhora01z.rhbbank.com.sg,RHBA-2023:7148,bugfix,error,2023-12-07 19:09:43 +0800
2023-11-16 18:45:48 +0800,spurdwhora01z.rhbbank.com.sg,RHBA-2023:7152,bugfix,error,2023-12-07 19:09:43 +0800
2023-11-16 18:45:48 +0800,spurdwhora01z.rhbbank.com.sg,RHBA-2023:7153,bugfix,error,2023-12-07 19:09:43 +0800
2023-11-16 18:45:48 +0800,spurdwhora01z.rhbbank.com.sg,RHBA-2023:7154,bugfix,error,2023-12-07 19:09:43 +0800
2023-11-16 18:45:48 +0800,spurdwhora01z.rhbbank.com.sg,RHBA-2023:7155,bugfix,error,2023-12-07 19:09:43 +0800
2023-11-16 18:45:48 +0800,spurdwhora01z.rhbbank.com.sg,RHBA-2023:7156,bugfix,error,2023-12-07 19:09:43 +0800
2023-11-16 18:45:48 +0800,spurdwhora01z.rhbbank.com.sg,RHBA-2023:7157,bugfix,error,2023-12-07 19:09:43 +0800
2023-11-16 18:45:48 +0800,spurdwhora01z.rhbbank.com.sg,RHBA-2023:7158,bugfix,error,2023-12-07 19:09:43 +0800
2023-11-16 18:45:48 +0800,spurdwhora01z.rhbbank.com.sg,RHBA-2023:7161,bugfix,error,2023-12-07 19:09:43 +0800
2023-11-16 18:45:48 +0800,spurdwhora01z.rhbbank.com.sg,RHBA-2023:7169,bugfix,error,2023-12-07 19:09:43 +0800
2023-11-16 18:45:48 +0800,spurdwhora01z.rhbbank.com.sg,RHBA-2023:7170,bugfix,error,2023-12-07 19:09:43 +0800
2023-11-16 18:45:48 +0800,spurdwhora01z.rhbbank.com.sg,RHBA-2023:7171,bugfix,error,2023-12-07 19:09:43 +0800
2023-11-16 18:45:48 +0800,spurdwhora01z.rhbbank.com.sg,RHBA-2023:7175,bugfix,error,2023-12-07 19:09:43 +0800
2023-11-16 18:45:48 +0800,spurdwhora01z.rhbbank.com.sg,RHBA-2023:7178,bugfix,error,2023-12-07 19:09:43 +0800
2023-11-16 18:45:48 +0800,spurdwhora01z.rhbbank.com.sg,RHBA-2023:7179,bugfix,error,2023-12-07 19:09:43 +0800
2023-11-16 18:45:48 +0800,spurdwhora01z.rhbbank.com.sg,RHBA-2023:7181,bugfix,error,2023-12-07 19:09:43 +0800
2023-11-16 18:45:48 +0800,spurdwhora01z.rhbbank.com.sg,RHBA-2023:7182,bugfix,error,2023-12-07 19:09:43 +0800
2023-11-16 18:45:48 +0800,spurdwhora01z.rhbbank.com.sg,RHBA-2023:7183,bugfix,error,2023-12-07 19:09:43 +0800
2023-11-16 18:45:48 +0800,spurdwhora01z.rhbbank.com.sg,RHBA-2023:7184,bugfix,error,2023-12-07 19:09:43 +0800
2023-11-16 18:45:48 +0800,spurdwhora01z.rhbbank.com.sg,RHBA-2023:7185,bugfix,error,2023-12-07 19:09:43 +0800
2023-11-16 18:45:48 +0800,spurdwhora01z.rhbbank.com.sg,RHBA-2023:7186,bugfix,error,2023-12-07 19:09:43 +0800
2023-11-16 18:45:48 +0800,spurdwhora01z.rhbbank.com.sg,RHBA-2023:7188,bugfix,error,2023-12-07 19:09:43 +0800
2023-11-16 18:45:48 +0800,spurdwhora01z.rhbbank.com.sg,RHBA-2023:7191,bugfix,error,2023-12-07 19:09:43 +0800
2023-11-16 18:45:48 +0800,spurdwhora01z.rhbbank.com.sg,RHBA-2023:7192,bugfix,error,2023-12-07 19:09:43 +0800
2023-11-16 18:45:48 +0800,spurdwhora01z.rhbbank.com.sg,RHBA-2023:7210,bugfix,error,2023-12-07 19:09:43 +0800
2023-11-16 18:45:48 +0800,spurdwhora01z.rhbbank.com.sg,RHBA-2023:7211,bugfix,error,2023-12-07 19:09:43 +0800
2023-11-16 18:45:48 +0800,spurdwhora01z.rhbbank.com.sg,RHBA-2023:7297,bugfix,error,2023-12-07 19:09:43 +0800
2023-11-16 18:45:48 +0800,spurdwhora01z.rhbbank.com.sg,RHEA-2023:7099,enhancement,error,2023-12-07 19:09:43 +0800
2023-11-16 18:45:48 +0800,spurdwhora01z.rhbbank.com.sg,RHEA-2023:7102,enhancement,error,2023-12-07 19:09:43 +0800
2023-11-16 18:45:48 +0800,spurdwhora01z.rhbbank.com.sg,RHEA-2023:7117,enhancement,error,2023-12-07 19:09:43 +0800
2023-11-16 18:45:48 +0800,spurdwhora01z.rhbbank.com.sg,RHEA-2023:7173,enhancement,error,2023-12-07 19:09:43 +0800
2023-11-16 18:45:48 +0800,spurdwhora01z.rhbbank.com.sg,RHEA-2023:7250,enhancement,error,2023-12-07 19:09:43 +0800
2023-11-16 18:45:48 +0800,spurdwhora01z.rhbbank.com.sg,RHSA-2023:5537,security,error,2023-12-07 19:09:43 +0800
2023-11-16 18:45:48 +0800,spurdwhora01z.rhbbank.com.sg,RHSA-2023:5837,security,error,2023-12-07 19:09:43 +0800
2023-11-16 18:45:48 +0800,spurdwhora01z.rhbbank.com.sg,RHSA-2023:5997,security,error,2023-12-07 19:09:43 +0800
2023-11-16 18:45:48 +0800,spurdwhora01z.rhbbank.com.sg,RHSA-2023:6236,security,error,2023-12-07 19:09:43 +0800
2023-11-16 18:45:48 +0800,spurdwhora01z.rhbbank.com.sg,RHSA-2023:6283,security,error,2023-12-07 19:09:43 +0800
2023-11-16 18:45:48 +0800,spurdwhora01z.rhbbank.com.sg,RHSA-2023:6916,security,error,2023-12-07 19:09:43 +0800
2023-11-16 18:45:48 +0800,spurdwhora01z.rhbbank.com.sg,RHSA-2023:6917,security,error,2023-12-07 19:09:43 +0800
2023-11-16 18:45:48 +0800,spurdwhora01z.rhbbank.com.sg,RHSA-2023:6944,security,error,2023-12-07 19:09:43 +0800
2023-11-16 18:45:48 +0800,spurdwhora01z.rhbbank.com.sg,RHSA-2023:6976,security,error,2023-12-07 19:09:43 +0800
2023-11-16 18:45:48 +0800,spurdwhora01z.rhbbank.com.sg,RHSA-2023:7010,security,error,2023-12-07 19:09:43 +0800
2023-11-16 18:45:48 +0800,spurdwhora01z.rhbbank.com.sg,RHSA-2023:7029,security,error,2023-12-07 19:09:43 +0800
2023-11-16 18:45:48 +0800,spurdwhora01z.rhbbank.com.sg,RHSA-2023:7038,security,error,2023-12-07 19:09:43 +0800
2023-11-16 18:45:48 +0800,spurdwhora01z.rhbbank.com.sg,RHSA-2023:7046,security,error,2023-12-07 19:09:43 +0800
2023-11-16 18:45:48 +0800,spurdwhora01z.rhbbank.com.sg,RHSA-2023:7053,security,error,2023-12-07 19:09:43 +0800
2023-11-16 18:45:48 +0800,spurdwhora01z.rhbbank.com.sg,RHSA-2023:7055,security,error,2023-12-07 19:09:43 +0800
2023-11-16 18:45:48 +0800,spurdwhora01z.rhbbank.com.sg,RHSA-2023:7057,security,error,2023-12-07 19:09:43 +0800
2023-11-16 18:45:48 +0800,spurdwhora01z.rhbbank.com.sg,RHSA-2023:7077,security,error,2023-12-07 19:09:43 +0800
2023-11-16 18:45:48 +0800,spurdwhora01z.rhbbank.com.sg,RHSA-2023:7083,security,error,2023-12-07 19:09:43 +0800
2023-11-16 18:45:48 +0800,spurdwhora01z.rhbbank.com.sg,RHSA-2023:7096,security,error,2023-12-07 19:09:43 +0800
2023-11-16 18:45:48 +0800,spurdwhora01z.rhbbank.com.sg,RHSA-2023:7109,security,error,2023-12-07 19:09:43 +0800
2023-11-16 18:45:48 +0800,spurdwhora01z.rhbbank.com.sg,RHSA-2023:7112,security,error,2023-12-07 19:09:43 +0800
2023-11-16 18:45:48 +0800,spurdwhora01z.rhbbank.com.sg,RHSA-2023:7116,security,error,2023-12-07 19:09:43 +0800
2023-11-16 18:45:48 +0800,spurdwhora01z.rhbbank.com.sg,RHSA-2023:7151,security,error,2023-12-07 19:09:43 +0800
2023-11-16 18:45:48 +0800,spurdwhora01z.rhbbank.com.sg,RHSA-2023:7165,security,error,2023-12-07 19:09:43 +0800
2023-11-16 18:45:48 +0800,spurdwhora01z.rhbbank.com.sg,RHSA-2023:7166,security,error,2023-12-07 19:09:43 +0800
2023-11-16 18:45:48 +0800,spurdwhora01z.rhbbank.com.sg,RHSA-2023:7174,security,error,2023-12-07 19:09:43 +0800
2023-11-16 18:45:48 +0800,spurdwhora01z.rhbbank.com.sg,RHSA-2023:7176,security,error,2023-12-07 19:09:43 +0800
2023-11-16 18:45:48 +0800,spurdwhora01z.rhbbank.com.sg,RHSA-2023:7177,security,error,2023-12-07 19:09:43 +0800
2023-11-16 18:45:48 +0800,spurdwhora01z.rhbbank.com.sg,RHSA-2023:7187,security,error,2023-12-07 19:09:43 +0800
2023-11-16 18:45:48 +0800,spurdwhora01z.rhbbank.com.sg,RHSA-2023:7189,security,error,2023-12-07 19:09:43 +0800
2023-11-16 18:45:48 +0800,spurdwhora01z.rhbbank.com.sg,RHSA-2023:7190,security,error,2023-12-07 19:09:43 +0800
2023-11-16 18:45:48 +0800,spurdwhora01z.rhbbank.com.sg,RHSA-2023:7207,security,error,2023-12-07 19:09:43 +0800
2023-11-16 18:45:48 +0800,spurdwhora01z.rhbbank.com.sg,RHSA-2023:7265,security,error,2023-12-07 19:09:43 +0800
2023-12-07 18:40:13 +0800,spurdwhora01z.rhbbank.com.sg,RHSA-2023:7549,security,error,2023-12-07 19:09:43 +0800
2023-12-08 11:11:50 +0800,spulstgsam01z,RHEA-2023:7250,enhancement,error,2023-11-22 17:30:29 +0800