Name,Global,Addons,Build,Compliance,Configuration,Errata,Execution,Insights,Inventory,OVAL scan,Role,Service level,Subscription,System purpose,Traces,Usage
ssuatlrhelsat02.rhbbank.com.sg,2,0,0,0,0,3,0,0,1,0,0,0,5,0,0,0
spsrapprtcas.rhbgroup.com.sg,0,0,0,0,0,0,0,0,1,0,0,0,5,0,0,0
spurdwhora01z.rhbbank.com.sg,2,0,0,0,0,0,1,0,1,0,0,0,5,0,0,0
spurdwhsds01z.rhbbank.com.sg,2,0,0,0,0,0,1,0,1,0,0,0,5,0,0,0
spsrappftcas,0,0,0,0,0,0,0,0,1,0,0,0,5,0,0,0
spurappftcas.rhbgroup.com.sg,2,0,0,0,0,3,0,0,1,0,0,0,5,0,0,0
spurappmq2cas.rhbbank.com.sg,2,0,0,0,0,3,0,0,1,0,0,0,5,0,0,0
spurapprt2cas.rhbbank.com.sg,2,0,0,0,0,3,0,0,1,0,0,0,5,0,0,0
spurapprticas.rhbbank.com.sg,2,0,0,0,0,3,0,0,1,0,0,0,5,0,0,0
hitgsucdg3.rhbbank.com.sg,0,0,0,0,0,0,0,0,1,0,0,0,5,0,0,0
hitgsurtg3.rhbbank.com.sg,0,0,0,0,0,0,0,0,1,0,0,0,5,0,0,0
hitgsumqg3.rhbbank.com.sg,0,0,0,0,0,0,0,0,1,0,0,0,5,0,0,0
hitgsjhit09,0,0,0,0,0,0,0,0,1,0,0,0,5,0,0,0
urhvm.rhbbank.com.sg,2,0,0,0,0,3,0,0,1,0,0,0,5,0,0,0
sudlappcpb01z.rhbbank.com.sg,1,0,0,0,0,2,0,0,1,0,0,0,5,0,0,0
spurdynacg01z.rhbbank.com.sg,1,0,0,0,0,2,0,0,1,0,0,0,5,0,0,0
spurdynapm01z.rhbbank.com.sg,2,0,0,0,0,3,0,0,1,0,0,0,5,0,0,0
hitgsstg15,0,0,0,0,0,0,0,0,1,0,0,0,5,0,0,0
spsrappicba01z.rhbgroup.com.sg,2,0,0,0,0,3,0,0,1,0,0,0,5,0,0,0
spsrappesw01z.rhbgroup.com.sg,2,0,0,0,0,3,0,0,1,0,0,0,5,0,0,0
spurappisp01z.rhbbank.com.sg,0,0,0,0,0,0,0,0,1,0,0,0,5,0,0,0
spsrappjht03z.rhbbank.com.sg,0,0,0,0,0,0,0,0,1,0,0,0,5,0,0,0
hitgsusg3.rhbbank.com.sg,2,0,3,0,0,0,0,0,1,0,0,0,5,0,0,0
spsrappjht04z.rhbbank.com.sg,0,0,0,0,0,0,0,0,1,0,0,0,5,0,0,0
spurappswf02z,0,0,0,0,0,0,0,0,1,0,0,0,5,0,0,0
spurappilmtz01,2,0,0,0,0,3,0,0,1,0,0,0,5,0,0,0
spsrappesw02z.rhbbank.com.sg,2,0,0,0,0,3,0,0,1,0,0,0,5,0,0,0
spsrappicba02z.rhbgroup.com.sg,2,0,0,0,0,3,0,0,1,0,0,0,5,0,0,0
spulstgsam01z,2,0,0,0,0,3,1,0,1,0,0,0,5,0,0,0
spsrappftg3.rhbbank.com.sg,2,0,0,0,0,3,0,0,1,0,0,0,5,0,0,0
spsrappmqg3.rhbgroup.com.sg,2,0,0,0,0,3,0,0,1,0,0,0,5,0,0,0
spsrapprtg3.rhbbank.com.sg,2,0,0,0,0,3,0,0,1,0,0,0,5,0,0,0